"id","codeLeaveReason","dateOfRequest","endDate","leaveReason","Person_Number","startDate","status"
"11/16/2021, 15:05:59_""123457""","""WET""","""16/11/2021""","""18/11/2021""","""demo reason""","""123457""","""16/11/2021""","""pending"""
"11/19/2021, 22:30:39_""123457""","""""","""11/19/2021""","""11/19/2021""","""""","""123457""","""11/19/2021""","""pending"""
"11/04/2021, 11:47:31_""123457""","""WET""","""04/11/2021""","""11/11/2021""","""Health""","""123457""","""10/11/2021""","""pending"""
"11/16/2021, 14:46:37_""123457""","""BOW""","""16/11/2021""","""17/11/2021""","""Test reason 2""","""123457""","""16/11/2021""","""pending"""
"11/04/2021, 12:39:43_""123457""","""BOW""","""04/11/2021""","""09/11/2021""","""Health""","""123457""","""05/11/2021""","""pending"""
"11/16/2021, 14:54:51_""123457""","""""","""11/16/2021""","""11/16/2021""","""""","""123457""","""11/16/2021""","""pending"""
"11/21/2021, 22:30:35_""123457""","""""","""11/21/2021""","""11/21/2021""","""""","""123457""","""11/21/2021""","""pending"""
"11/04/2021, 13:23:48_""123457""","""WET""","""04/11/2021""","""19/11/2021""","""Wedding""","""123457""","""17/11/2021""","""pending"""
"11/15/2021, 16:24:13_""123457""","""BOW""","""15/11/2021""","""16/11/2021""","""Test reason""","""123457""","""15/11/2021""","""pending"""
"11/18/2021, 22:30:39_""123457""","""""","""11/18/2021""","""11/18/2021""","""""","""123457""","""11/18/2021""","""pending"""